{
  "auth_sign_up_tab": "SIGN UP",
  "auth_sign_in_tab": "SIGN IN",
  "login_label_text": "Login",
  "login_registration_helper_text": "Create a username...",
  "login_sign_in_helper_text": "Enter your username",
  "login_empty_error_text": "Enter login",
  "email_label_text": "Email",
  "email_helper_text": "Enter your Email...",
  "email_empty_error_text": "Enter email address",
  "email_invalid_error_text": "Email is not valid",
  "password_label_text": "Password",
  "password_registration_helper_text": "Minimum 8 characters...",
  "password_sign_in_helper_text": "Minimum 4 characters...",
  "password_empty_error_text": "Please enter the password",
  "password_register_characters_count_error_text": "Use 8 characters or more for your password",
  "password_sign_in_characters_count_error_text": "Use 4 characters or more for your password",
  "error_dialog_title": "Error",
  "ok_dialog_button": "Ok",
  "registration_button": "REGISTRATION",
  "sign_in_button": "SIGN IN",
  "search_bar_title": "Search Courses",
  "course_overview_tab": "OVERVIEW",
  "course_curriculum_tab": "CURRICULUM",
  "course_faq_tab": "FAQ",
  "course_free_price": "Free",
  "course_regular_price": "Regular price:",
  "start_course_button": "START",
  "preview_button": "PREVIEW",
  "write_review_button": "WRITE A REVIEW",
  "show_less_button": "Show less",
  "show_more_button": "Show more",
  "annoncement_title": "Annoncement",
  "reviews_title": "Reviews",
  "reviews_count": "review",
  "stars_count": "Stars",
  "user_courses_screen_title": "My Courses",
  "no_user_courses_screen_title": "You have no courses",
  "no_user_favorites_screen_title": "You have no favorites",
  "no_user_orders_screen_title": "You have no orders",
  "add_courses_button": "ADD COURSES",
  "continue_button": "CONTINUE",
  "profile_bio_tab": "Bio",
  "profile_courses_tab": "Courses",
  "favorites_title": "Favorites",
  "new_courses_title": "New courses",
  "go_to_live_button": "GO TO LIVE CHAT",
  "complete_lesson_button": "COMPLETE LESSON",
  "user_orders_title": "My Orders",
  "membership_plans": "Membership plans",
  "plan_per_month": "per month",
  "one_time_payment": "One time payment",
  "enroll_with_membership": "Enroll with Membership",
  "available_in_plan": "Available in",
  "select_payment_button": "SELECT",
  "plan_count_left": "LEFT",
  "view_my_profile": "VIEW MY PROFILE",
  "add_announcement": "ADD ANNOUNCEMENT",
  "assignments": "ASSIGNMENTS",
  "my_orders": "MY ORDERS",
  "my_courses": "MY COURSES",
  "settings": "SETTINGS",
  "logout": "LOGOUT",
  "logout_message": "Do you really want to logout?",
  "greeting_user": "Hello ",
  "cancel_button": "Cancel",
  "profile_assignment_title": "Assignment",
  "assignment_content": "Assignments available \\only on Desktop version",
  "edit_profile_title": "Edit Profile",
  "profile_updated_message": "Profile is updated",
  "change_photo_button": "Change Photo",
  "first_name": "First Name",
  "last_name": "Last Name",
  "occupation": "Occupation",
  "bio": "Bio",
  "bio_helper": "Enter text...",
  "enter_url": "Enter URL...",
  "save_button": "SAVE",
  "question_ask_screen_title": "Back to Questions",
  "ask_your_question": "Ask your Question",
  "enter_review": "Enter review",
  "submit_button": "SUBMIT",
  "enter_your_answer": "Enter your answer",
  "all_questions": "ALL QUESTIONS",
  "my_questions": "MY QUESTIONS",
  "no_questions": "NO QUESTIONS",
  "start_quiz": "START QUIZ",
  "complete_quiz": "COMPLETE",
  "answered_quiz": "COMPLETE",
  "write_a_review_title": "Write a Review",
  "search_title": "Search",
  "popular_searchs": "Popular Searchs",
  "new_courses": "New courses",
  "nothing_found_search": "Nothing found for:",
  "trial_version_is_over": "TRIAL VERSION IS OVER",
  "trial_version_is_over_description": "To continue the course please buy the\\nfull version",
  "checkout_title": "Checkout",
  "profile_button": "PROFILE",
  "home_bottom_nav": "Home",
  "courses_bottom_nav": "Courses",
  "search_bottom_nav": "Search",
  "favorites_bottom_nav": "Favorites",
  "profile_bottom_nav": "Profile",
  "error_button": "Try again",
  "network_error": "Network Error"

}